age,height,age_group
1,77.73649687760509,younger
2,81.42714486091191,younger
3,82.89139863213111,younger
4,109.96752495930839,younger
5,98.48054551208496,younger
6,116.90360355507478,older
7,115.0551546497705,older
8,114.97020222221917,older
9,138.47297217368356,older
10,131.6149804467708,older
